task_id,status
1,done
2,done
3,done
4,done
5,done
6,done
7,done
8,done
9,done
10,done
11,done
12,done
13,done
14,pending
15,pending
16,pending
17,pending
18,pending
19,pending
20,pending
21,pending
22,pending
23,pending
24,pending
25,pending
26,pending
27,pending
28,pending
29,pending
30,pending
31,pending
32,pending
33,pending
34,pending
35,pending
36,pending
37,pending
38,pending
39,pending
40,pending
41,pending
42,pending
43,pending
44,pending
45,pending
46,pending
47,pending
48,pending
49,pending
50,pending
51,pending
52,pending
53,pending
54,pending
55,pending
56,pending
57,pending
58,pending
59,pending
60,pending
61,pending
62,pending
63,pending
64,pending
65,pending
66,pending
67,pending
68,pending
69,pending
70,pending
71,pending
72,pending
73,pending
74,pending
75,pending
76,pending
77,pending
78,pending
79,pending
80,pending
81,pending
82,pending
83,pending
84,pending
85,pending
86,pending
87,pending
88,pending
89,pending
90,pending
91,pending
92,pending
93,pending
94,pending
95,pending
96,pending
97,pending
98,pending
99,pending
100,pending
